{
    "supported_regions": [
        "ap-southeast-2",
        "ca-central-1",
        "eu-central-1",
        "eu-west-1",
        "us-east-1",
        "us-west-1",
        "us-west-2"
    ],
    "member_accounts": [
        {
            "account_name": "gilead-billing-prd",
            "account_id": "986417336414",
            "parent_ou_id": "ou-lu8a-4rf0d32s",
            "active_regions": [],
            "scp_policy": "SCPGLDPRD_COMMON_DENY_02",
            "scp_inherited_from_direct_parent": true,
            "security_hub_status_forecast": "Not A Member"
        },
        {
            "account_name": "Forty Seven, Inc.",
            "account_id": "127995381840",
            "parent_ou_id": "r-lu8a",
            "active_regions": [],
            "attached_to_root": true,
            "security_hub_status_forecast": "Not A Member"
        },
        {
            "account_name": "Ellayararwhy Aych",
            "account_id": "108964893469",
            "parent_ou_id": "ou-lu8a-lrptnw7u",
            "active_regions": []
        },
        {
            "account_name": "Sanjeev Ghai",
            "account_id": "967245869771",
            "parent_ou_id": "r-lu8a",
            "active_regions": [],
            "attached_to_root": true,
            "security_hub_status_forecast": "Not A Member"
        },
        {
            "account_name": "gilead-tagbio-tst",
            "account_id": "665901877360",
            "parent_ou_id": "ou-lu8a-jlolfosi",
            "active_regions": []
        },
        {
            "account_name": "gilead-clinicaldatascience-sandbox-dev",
            "account_id": "505527447039",
            "parent_ou_id": "ou-lu8a-h6a83kjo",
            "active_regions": []
        },
        {
            "account_name": "gilead-edp-engineering-dev",
            "account_id": "818749055714",
            "parent_ou_id": "ou-lu8a-f6th3st2",
            "active_regions": [],
            "scp_policy": "SCPGLD_REGION_RESTR_GILEAD_EDP_ENGINEERING_DEV",
            "scp_inherited_from_direct_parent": true,
            "out_of_bounds": false,
            "security_hub_status_forecast": "Under Enabled",
            "scp_restricted_regions": [
                "us-west-2",
                "us-east-1"
            ]
        },
        {
            "account_name": "Cloud Exchange 1",
            "account_id": "080786221229",
            "parent_ou_id": "r-lu8a",
            "active_regions": [],
            "attached_to_root": true,
            "security_hub_status_forecast": "Not A Member"
        },
        {
            "account_name": "gilead-verily-tst",
            "account_id": "000404498368",
            "parent_ou_id": "ou-lu8a-ciftbz60",
            "active_regions": []
        },
        {
            "account_name": "tableauPOC",
            "account_id": "708576173498",
            "parent_ou_id": "ou-lu8a-9fuf25fx",
            "active_regions": []
        },
        {
            "account_name": "gilead-Bioinfo-rdocker-sandbox-dev",
            "account_id": "377421902898",
            "parent_ou_id": "ou-lu8a-gp1cb9n2",
            "active_regions": [],
            "scp_policy": "SCPGLD_REGION_RESTR_GILEAD_BIOINFO_RDOCKER_SANDBOX_DEV",
            "scp_inherited_from_direct_parent": true,
            "out_of_bounds": true,
            "security_hub_status_forecast": "Over Enabled",
            "scp_restricted_regions": [
                "us-west-2",
                "us-west-1",
                "us-east-1",
                "us-east-2",
                "eu-west-1",
                "eu-central-1",
                "ap-northeast-1",
                "ap-southeast-2",
                "ca-central-1"
            ]
        },
        {
            "account_name": "gilead-biom-prd",
            "account_id": "803750660418",
            "parent_ou_id": "ou-lu8a-dqsowsbf",
            "active_regions": [],
            "scp_policy": "SCPGLD_REGION_RESTR_GILEAD_BIOM_PRD",
            "scp_inherited_from_direct_parent": true,
            "out_of_bounds": true,
            "security_hub_status_forecast": "Over Enabled",
            "scp_restricted_regions": [
                "us-west-2",
                "us-west-1",
                "us-east-1",
                "us-east-2",
                "eu-west-1",
                "eu-central-1",
                "ap-northeast-1",
                "ap-southeast-2",
                "ca-central-1"
            ]
        },
        {
            "account_name": "gilead-8kmiles-dev",
            "account_id": "483074281140",
            "parent_ou_id": "ou-lu8a-hdlyj6ae",
            "active_regions": []
        },
        {
            "account_name": "Greg Nichols",
            "account_id": "557113285638",
            "parent_ou_id": "ou-lu8a-oickto5a",
            "active_regions": []
        },
        {
            "account_name": "DMAPilot-DC",
            "account_id": "597396676113",
            "parent_ou_id": "ou-lu8a-o0plo7u3",
            "active_regions": []
        },
        {
            "account_name": "zane",
            "account_id": "896748364831",
            "parent_ou_id": "r-lu8a",
            "active_regions": [],
            "attached_to_root": true,
            "security_hub_status_forecast": "Not A Member"
        },
        {
            "account_name": "Hosting Production GxP",
            "account_id": "362692046423",
            "parent_ou_id": "ou-lu8a-781lgq21",
            "active_regions": []
        },
        {
            "account_name": "gilead-edp-commercial-producer-dev",
            "account_id": "689566334415",
            "parent_ou_id": "ou-lu8a-sl3pxq3x",
            "active_regions": [],
            "scp_policy": "SCPGLD_REGION_RESTR_GILEAD_EDP_COMMERCIAL_PRODUCER_DEV",
            "scp_inherited_from_direct_parent": true,
            "out_of_bounds": false,
            "security_hub_status_forecast": "Under Enabled",
            "scp_restricted_regions": [
                "us-west-2",
                "us-east-1"
            ]
        },
        {
            "account_name": "gilead-edp-northstar-consumer-dev",
            "account_id": "072451574234",
            "parent_ou_id": "ou-lu8a-1h5rzj0j",
            "active_regions": [],
            "scp_policy": "SCPGLD_REGION_RESTR_GILEAD_EDP_NORTHSTAR_CONSUMER_DEV",
            "scp_inherited_from_direct_parent": true,
            "out_of_bounds": false,
            "security_hub_status_forecast": "Under Enabled",
            "scp_restricted_regions": [
                "us-west-2",
                "us-east-1"
            ]
        },
        {
            "account_name": "gilead-data-science-services-tst",
            "account_id": "812664268076",
            "parent_ou_id": "ou-lu8a-4rf0d32s",
            "active_regions": [],
            "scp_policy": "SCPGLDPRD_COMMON_DENY_02",
            "scp_inherited_from_direct_parent": true,
            "security_hub_status_forecast": "Not A Member"
        },
        {
            "account_name": "liverfibrosis",
            "account_id": "945293915203",
            "parent_ou_id": "r-lu8a",
            "active_regions": [],
            "attached_to_root": true,
            "security_hub_status_forecast": "Not A Member"
        },
        {
            "account_name": "gilead-svp-sandbox-dev",
            "account_id": "593795467672",
            "parent_ou_id": "ou-lu8a-po9hpbaq",
            "active_regions": [],
            "scp_policy": "SCPGLD_REGION_RESTR_GILEAD_SVP_SANDBOX_DEV",
            "scp_inherited_from_direct_parent": true,
            "out_of_bounds": true,
            "security_hub_status_forecast": "Over Enabled",
            "scp_restricted_regions": [
                "us-west-2",
                "us-west-1",
                "us-east-1",
                "us-east-2",
                "eu-west-1",
                "eu-central-1",
                "ap-northeast-1",
                "ap-southeast-2",
                "ca-central-1"
            ]
        },
        {
            "account_name": "gilead-tech-ops-kite-prd",
            "account_id": "653482395337",
            "parent_ou_id": "ou-lu8a-4rf0d32s",
            "active_regions": [],
            "scp_policy": "SCPGLDPRD_COMMON_DENY_02",
            "scp_inherited_from_direct_parent": true,
            "security_hub_status_forecast": "Not A Member"
        },
        {
            "account_name": "gilead-ldv-sof-hbvcure-tst",
            "account_id": "028459575644",
            "parent_ou_id": "ou-lu8a-4rf0d32s",
            "active_regions": [],
            "scp_policy": "SCPGLDPRD_COMMON_DENY_02",
            "scp_inherited_from_direct_parent": true,
            "security_hub_status_forecast": "Not A Member"
        },
        {
            "account_name": "gilead-bioinfo-zhaoshi-sandbox-dev",
            "account_id": "892789357921",
            "parent_ou_id": "ou-lu8a-4rf0d32s",
            "active_regions": [],
            "scp_policy": "SCPGLDPRD_COMMON_DENY_02",
            "scp_inherited_from_direct_parent": true,
            "security_hub_status_forecast": "Not A Member"
        },
        {
            "account_name": "cckmdev",
            "account_id": "036674854673",
            "parent_ou_id": "ou-lu8a-oreov3xv",
            "active_regions": []
        },
        {
            "account_name": "Srinivas Subbarao",
            "account_id": "621916404188",
            "parent_ou_id": "ou-lu8a-n34rakuv",
            "active_regions": []
        },
        {
            "account_name": "gilead-clinical-virology-tst",
            "account_id": "788446446779",
            "parent_ou_id": "ou-lu8a-4rf0d32s",
            "active_regions": [],
            "scp_policy": "SCPGLDPRD_COMMON_DENY_02",
            "scp_inherited_from_direct_parent": true,
            "security_hub_status_forecast": "Not A Member"
        },
        {
            "account_name": "gilead-kitepharma-sandbox-dev",
            "account_id": "435774172517",
            "parent_ou_id": "ou-lu8a-w6dq5b4n",
            "active_regions": [],
            "scp_policy": "SCPGLD_REGION_RESTR_GILEAD_KITEPHARMA_SANDBOX_DEV",
            "scp_inherited_from_direct_parent": true,
            "out_of_bounds": true,
            "security_hub_status_forecast": "Over Enabled",
            "scp_restricted_regions": [
                "us-west-2",
                "us-west-1",
                "us-east-1",
                "us-east-2",
                "eu-west-1",
                "eu-central-1",
                "ap-northeast-1",
                "ap-southeast-2",
                "ca-central-1"
            ]
        },
        {
            "account_name": "gilead-clinical-virology-prd",
            "account_id": "469136210174",
            "parent_ou_id": "ou-lu8a-4rf0d32s",
            "active_regions": [],
            "scp_policy": "SCPGLDPRD_COMMON_DENY_02",
            "scp_inherited_from_direct_parent": true,
            "security_hub_status_forecast": "Not A Member"
        },
        {
            "account_name": "gilead-gcsas-tst",
            "account_id": "488061674880",
            "parent_ou_id": "ou-lu8a-4rf0d32s",
            "active_regions": [],
            "scp_policy": "SCPGLDPRD_COMMON_DENY_02",
            "scp_inherited_from_direct_parent": true,
            "security_hub_status_forecast": "Not A Member"
        },
        {
            "account_name": "bioinfo-test",
            "account_id": "551680719182",
            "parent_ou_id": "ou-lu8a-c3hg6bq4",
            "active_regions": []
        },
        {
            "account_name": "Larry Hale",
            "account_id": "848393475742",
            "parent_ou_id": "ou-lu8a-yckxn0fh",
            "active_regions": []
        },
        {
            "account_name": "gilead-bioinfo-circe-dev",
            "account_id": "378218117857",
            "parent_ou_id": "ou-lu8a-4rf0d32s",
            "active_regions": [],
            "scp_policy": "SCPGLDPRD_COMMON_DENY_02",
            "scp_inherited_from_direct_parent": true,
            "security_hub_status_forecast": "Not A Member"
        },
        {
            "account_name": "nashcombo",
            "account_id": "087229051582",
            "parent_ou_id": "r-lu8a",
            "active_regions": [],
            "attached_to_root": true,
            "security_hub_status_forecast": "Not A Member"
        },
        {
            "account_name": "IoT",
            "account_id": "005997477719",
            "parent_ou_id": "r-lu8a",
            "active_regions": [],
            "attached_to_root": true,
            "security_hub_status_forecast": "Not A Member"
        },
        {
            "account_name": "gilead-gcsas-prd",
            "account_id": "393893777851",
            "parent_ou_id": "ou-lu8a-4rf0d32s",
            "active_regions": [],
            "scp_policy": "SCPGLDPRD_COMMON_DENY_02",
            "scp_inherited_from_direct_parent": true,
            "security_hub_status_forecast": "Not A Member"
        },
        {
            "account_name": "gilead-cellbiokite-dev",
            "account_id": "472514568074",
            "parent_ou_id": "ou-lu8a-rvtrxxhp",
            "active_regions": []
        },
        {
            "account_name": "gilead-convergehealth-mypath-tst",
            "account_id": "199478744943",
            "parent_ou_id": "ou-lu8a-elgdp6nl",
            "active_regions": [],
            "scp_policy": "SCPGLD_REGION_RESTR_GILEAD_CONVERGEHEALTH_MYPATH_PRD",
            "scp_inherited_from_direct_parent": true,
            "out_of_bounds": true,
            "security_hub_status_forecast": "Over Enabled",
            "scp_restricted_regions": [
                "us-west-2",
                "us-west-1",
                "us-east-1",
                "us-east-2",
                "eu-west-1",
                "eu-central-1",
                "ap-northeast-1",
                "ap-southeast-2",
                "ca-central-1"
            ]
        },
        {
            "account_name": "gilead-tagbio-prd",
            "account_id": "328541503876",
            "parent_ou_id": "ou-lu8a-jzkuxn6y",
            "active_regions": []
        },
        {
            "account_name": "gilead-edp-marvel-consumer-dev",
            "account_id": "942267903660",
            "parent_ou_id": "ou-lu8a-quz2t4ts",
            "active_regions": [],
            "scp_policy": "SCPGLD_REGION_RESTR_GILEAD_EDP_MARVEL_CONSUMER_DEV",
            "scp_inherited_from_direct_parent": true,
            "out_of_bounds": false,
            "security_hub_status_forecast": "Under Enabled",
            "scp_restricted_regions": [
                "us-west-2",
                "us-east-1"
            ]
        },
        {
            "account_name": "Saikrishna",
            "account_id": "627697874616",
            "parent_ou_id": "r-lu8a",
            "active_regions": [],
            "attached_to_root": true,
            "security_hub_status_forecast": "Not A Member"
        },
        {
            "account_name": "gilead-convergehealth-mypath-prd",
            "account_id": "954448665055",
            "parent_ou_id": "ou-lu8a-x9j47uf3",
            "active_regions": [],
            "scp_policy": "SCPGLD_REGION_RESTR_GILEAD_CONVERGEHEALTH_MYPATH_TST",
            "scp_inherited_from_direct_parent": true,
            "out_of_bounds": true,
            "security_hub_status_forecast": "Over Enabled",
            "scp_restricted_regions": [
                "us-west-2",
                "us-west-1",
                "us-east-1",
                "us-east-2",
                "eu-west-1",
                "eu-central-1",
                "ap-northeast-1",
                "ap-southeast-2",
                "ca-central-1"
            ]
        },
        {
            "account_name": "wiodbdev",
            "account_id": "137010171375",
            "parent_ou_id": "r-lu8a",
            "active_regions": [],
            "attached_to_root": true,
            "security_hub_status_forecast": "Not A Member"
        },
        {
            "account_name": "CellBioGB",
            "account_id": "521644626759",
            "parent_ou_id": "r-lu8a",
            "active_regions": [],
            "attached_to_root": true,
            "security_hub_status_forecast": "Not A Member"
        },
        {
            "account_name": "gilead-tech-ops-kite-tst",
            "account_id": "560299349045",
            "parent_ou_id": "ou-lu8a-4rf0d32s",
            "active_regions": [],
            "scp_policy": "SCPGLDPRD_COMMON_DENY_02",
            "scp_inherited_from_direct_parent": true,
            "security_hub_status_forecast": "Not A Member"
        },
        {
            "account_name": "Ellayararwhy Aych",
            "account_id": "941665768923",
            "parent_ou_id": "ou-lu8a-o9ss10k0",
            "active_regions": []
        },
        {
            "account_name": "VMWare on AWS Dev",
            "account_id": "104188357016",
            "parent_ou_id": "ou-lu8a-781lgq21",
            "active_regions": []
        },
        {
            "account_name": "gilead-biom-tst",
            "account_id": "297829203032",
            "parent_ou_id": "ou-lu8a-9c4zgq3k",
            "active_regions": [],
            "scp_policy": "SCPGLD_REGION_RESTR_GILEAD_BIOM_TST",
            "scp_inherited_from_direct_parent": true,
            "out_of_bounds": true,
            "security_hub_status_forecast": "Over Enabled",
            "scp_restricted_regions": [
                "us-west-2",
                "us-west-1",
                "us-east-1",
                "us-east-2",
                "eu-west-1",
                "eu-central-1",
                "ap-northeast-1",
                "ap-southeast-2",
                "ca-central-1"
            ]
        },
        {
            "account_name": "gilead-edp-rnd-producer-dev",
            "account_id": "068990297071",
            "parent_ou_id": "ou-lu8a-aovj4c30",
            "active_regions": [],
            "scp_policy": "SCPGLD_REGION_RESTR_GILEAD_EDP_RND_PRODUCER_DEV",
            "scp_inherited_from_direct_parent": true,
            "out_of_bounds": false,
            "security_hub_status_forecast": "Under Enabled",
            "scp_restricted_regions": [
                "us-west-2",
                "us-east-1"
            ]
        },
        {
            "account_name": "bioinfomatics",
            "account_id": "950796408753",
            "parent_ou_id": "ou-lu8a-c3hg6bq4",
            "active_regions": []
        },
        {
            "account_name": "gilead-awsinnovation-sandbox-dev",
            "account_id": "225046729887",
            "parent_ou_id": "ou-lu8a-bu0v0a6z",
            "active_regions": [],
            "scp_policy": "SCPGLD_REGION_RESTR_GILEAD_AWSINNOVATION_SANDBOX_DEV",
            "scp_inherited_from_direct_parent": true,
            "out_of_bounds": true,
            "security_hub_status_forecast": "Over Enabled",
            "scp_restricted_regions": [
                "us-west-2",
                "us-west-1",
                "us-east-1",
                "us-east-2",
                "eu-west-1",
                "eu-central-1",
                "ap-northeast-1",
                "ap-southeast-2",
                "ca-central-1"
            ]
        },
        {
            "account_name": "Cloud Exchange 2",
            "account_id": "206765660834",
            "parent_ou_id": "r-lu8a",
            "active_regions": [],
            "attached_to_root": true,
            "security_hub_status_forecast": "Not A Member"
        },
        {
            "account_name": "gilead-bioinformatics-chad-dev",
            "account_id": "307549912086",
            "parent_ou_id": "ou-lu8a-4rf0d32s",
            "active_regions": [],
            "scp_policy": "SCPGLDPRD_COMMON_DENY_02",
            "scp_inherited_from_direct_parent": true,
            "security_hub_status_forecast": "Not A Member"
        },
        {
            "account_name": "Raj Neelakantam Test",
            "account_id": "162221983254",
            "parent_ou_id": "r-lu8a",
            "active_regions": [],
            "attached_to_root": true,
            "security_hub_status_forecast": "Not A Member"
        },
        {
            "account_name": "kibio",
            "account_id": "419264574647",
            "parent_ou_id": "r-lu8a",
            "active_regions": [],
            "attached_to_root": true,
            "security_hub_status_forecast": "Not A Member"
        },
        {
            "account_name": "gilead-data-science-services-prd",
            "account_id": "688872800210",
            "parent_ou_id": "ou-lu8a-4rf0d32s",
            "active_regions": [],
            "scp_policy": "SCPGLDPRD_COMMON_DENY_02",
            "scp_inherited_from_direct_parent": true,
            "security_hub_status_forecast": "Not A Member"
        },
        {
            "account_name": "gilead-ldv-sof-hbvcure",
            "account_id": "781346935635",
            "parent_ou_id": "ou-lu8a-4rf0d32s",
            "active_regions": [],
            "scp_policy": "SCPGLDPRD_COMMON_DENY_02",
            "scp_inherited_from_direct_parent": true,
            "security_hub_status_forecast": "Not A Member"
        },
        {
            "account_name": "sbashetti",
            "account_id": "141725856579",
            "parent_ou_id": "r-lu8a",
            "active_regions": [],
            "attached_to_root": true,
            "security_hub_status_forecast": "Not A Member"
        },
        {
            "account_name": "gilead-bioinfo-icf-sandbox-dev",
            "account_id": "265473964617",
            "parent_ou_id": "ou-lu8a-4rf0d32s",
            "active_regions": [],
            "scp_policy": "SCPGLDPRD_COMMON_DENY_02",
            "scp_inherited_from_direct_parent": true,
            "security_hub_status_forecast": "Not A Member"
        },
        {
            "account_name": "tonytest",
            "account_id": "592321218979",
            "parent_ou_id": "r-lu8a",
            "active_regions": [],
            "attached_to_root": true,
            "security_hub_status_forecast": "Not A Member"
        },
        {
            "account_name": "yashwanth",
            "account_id": "139447226195",
            "parent_ou_id": "ou-lu8a-w52pxrxi",
            "active_regions": []
        },
        {
            "account_name": "WebHosting-BlueDog",
            "account_id": "345496517046",
            "parent_ou_id": "r-lu8a",
            "active_regions": [],
            "attached_to_root": true,
            "security_hub_status_forecast": "Not A Member"
        },
        {
            "account_name": "IT_Dashboard",
            "account_id": "183356210060",
            "parent_ou_id": "r-lu8a",
            "active_regions": [],
            "attached_to_root": true,
            "security_hub_status_forecast": "Not A Member"
        },
        {
            "account_name": "gilead-verily-prod",
            "account_id": "500379289093",
            "parent_ou_id": "ou-lu8a-fyhndb09",
            "active_regions": []
        },
        {
            "account_name": "gilead-ldv-sof-hbvcure-prd",
            "account_id": "575714917613",
            "parent_ou_id": "ou-lu8a-4rf0d32s",
            "active_regions": [],
            "scp_policy": "SCPGLDPRD_COMMON_DENY_02",
            "scp_inherited_from_direct_parent": true,
            "security_hub_status_forecast": "Not A Member"
        }
    ]
}