{
    "supported_regions": [
        "ap-southeast-2",
        "ca-central-1",
        "eu-central-1",
        "eu-west-1",
        "eu-west-2",
        "us-east-1",
        "us-west-1",
        "us-west-2",
        "ap-northeast-1",
        "ap-east-1"
    ],
    "member_accounts": [
        {
            "account_name": "Hosting-Non-GxP-Production",
            "account_id": "876173101338",
            "parent_ou_id": "",
            "active_regions": [
                "us-west-1",
                "us-east-1"
            ],
            "account_alias": "hosting-non-gxp-production",
            "env_override": "prd",
            "tf_process": "v2.1.0"
        },
        {
            "account_name": "gilead-clinical-systems-prd",
            "account_id": "824404659237",
            "parent_ou_id": "ou-lu8a-jlrj9u0r",
            "active_regions": [
                "us-west-2",
                "us-east-1"
            ],
            "tf_process": "v2.1.0"
        },
        {
            "account_name": "gilead-clinical-systems-tst",
            "account_id": "771426067682",
            "parent_ou_id": "ou-lu8a-a5nczuw3",
            "active_regions": [
                "us-west-2",
                "us-east-1"
            ],
            "tf_process": "v2.1.0"
        },
        {
            "account_name": "gilead-clinical-systems-dev",
            "account_id": "107560181399",
            "parent_ou_id": "ou-lu8a-ywllw7sh",
            "active_regions": [
                "us-west-2",
                "us-east-1"
            ],
            "tf_process": "v2.1.0"
        },
        {
            "account_name": "gilead-devops-prd",
            "account_id": "676285524611",
            "parent_ou_id": "ou-lu8a-zqorktm8",
            "active_regions": [
                "ap-southeast-2",
                "ca-central-1",
                "eu-central-1",
                "eu-west-1",
                "us-east-1",
                "us-west-1",
                "us-west-2",
                "ap-northeast-1",
                "ap-east-1",
                "eu-west-2"
            ],
            "tf_process": "v2.1.0"
        },
        {
            "account_name": "awsnebulatest",
            "account_id": "104568625881",
            "parent_ou_id": "ou-lu8a-sq1bo14l",
            "active_regions": [
                "ap-southeast-2",
                "ca-central-1",
                "eu-central-1",
                "eu-west-1",
                "us-east-1",
                "us-west-1",
                "us-west-2"
            ],
            "env_override": "dev",
            "tf_process": "v2.1.0",
            "release_set": "opstest"
        },
        {
            "account_name": "gilead-hosting-II-gxp-prd",
            "account_id": "803528275224",
            "parent_ou_id": "ou-lu8a-ad5j3wxk",
            "active_regions": [
                "us-west-2",
                "us-west-1",
                "us-east-1",
                "eu-west-1",
                "eu-central-1",
                "ap-southeast-2",
                "ca-central-1"
            ],
            "account_alias": "gilead-hosting-ii-gxp-prd",
            "tf_process": "v2.1.0"
        },
        {
            "account_name": "gilead-hosting-II-ngxp-prd",
            "account_id": "595740010100",
            "parent_ou_id": "ou-lu8a-qmspxtwc",
            "active_regions": [
                "us-west-2",
                "us-west-1",
                "us-east-1",
                "eu-west-1",
                "eu-central-1",
                "ap-southeast-2",
                "ca-central-1"
            ],
            "account_alias": "gilead-hosting-ii-ngxp-prd",
            "tf_process": "v2.1.0"
        },
        {
            "account_name": "gilead-biom-tst",
            "account_id": "297829203032",
            "parent_ou_id": "ou-lu8a-9c4zgq3k",
            "active_regions": [
                "us-west-2",
                "us-west-1",
                "us-east-1",
                "eu-west-1",
                "eu-central-1",
                "ap-southeast-2",
                "ca-central-1"
            ]
        },
        {
            "account_name": "gilead-biom-prd",
            "account_id": "803750660418",
            "parent_ou_id": "ou-lu8a-dqsowsbf",
            "active_regions": [
                "us-west-2",
                "us-west-1",
                "us-east-1",
                "eu-west-1",
                "eu-central-1",
                "ap-southeast-2",
                "ca-central-1"
            ]
        },
        {
            "account_name": "gilead-convergehealth-miner-tst",
            "account_id": "293474779411",
            "parent_ou_id": "ou-lu8a-1xwxgcn1",
            "active_regions": [
                "us-west-2",
                "us-west-1",
                "us-east-1",
                "eu-west-1",
                "eu-central-1",
                "ap-southeast-2",
                "ca-central-1"
            ],
            "tf_process": "v2.1.0"
        },
        {
            "account_name": "gilead-awsinnovation-sandbox-dev",
            "account_id": "225046729887",
            "parent_ou_id": "ou-lu8a-bu0v0a6z",
            "active_regions": [
                "us-west-2",
                "us-west-1",
                "us-east-1",
                "eu-west-1",
                "eu-central-1",
                "ap-southeast-2",
                "ca-central-1"
            ]
        },
        {
            "account_name": "gilead-svp-sandbox-dev",
            "account_id": "593795467672",
            "parent_ou_id": "ou-lu8a-po9hpbaq",
            "active_regions": [
                "us-west-2",
                "us-west-1",
                "us-east-1",
                "eu-west-1",
                "eu-central-1",
                "ap-southeast-2",
                "ca-central-1"
            ]
        },
        {
            "account_name": "gilead-bioinfo-oncology-dev",
            "account_id": "025458477083",
            "parent_ou_id": "ou-lu8a-k7f8l2uu",
            "active_regions": [
                "us-west-2",
                "us-west-1",
                "us-east-1",
                "eu-west-1",
                "eu-central-1",
                "ap-southeast-2",
                "ca-central-1"
            ],
            "tf_process": "v2.1.0"
        },
        {
            "account_name": "gilead-gpro-dev",
            "account_id": "531739311552",
            "parent_ou_id": "",
            "active_regions": [
                "us-east-1",
                "us-west-2"
            ],
            "tf_process": "v2.1.0"
        },
        {
            "account_name": "gilead-gcsas-dev",
            "account_id": "100799815080",
            "parent_ou_id": "",
            "active_regions": [
                "us-east-1",
                "us-west-2"
            ],
            "tf_process": "v2.1.0"
        },
        {
            "account_name": "kitetechops",
            "account_id": "442039913624",
            "parent_ou_id": "",
            "active_regions": [
                "us-east-1",
                "us-west-2"
            ],
            "env_override": "dev",
            "tf_process": "v2.1.0"
        },
        {
            "account_name": "Cloud-Exchange-1",
            "account_id": "080786221229",
            "parent_ou_id": "",
            "active_regions": [],
            "account_alias": "gilead-cloud-exchange-one",
            "env_override": "prd",
            "tf_process": "v2.0.0"
        },
        {
            "account_name": "gilead-core-services-prd",
            "account_id": "400926246758",
            "parent_ou_id": "",
            "active_regions": [
                "us-east-1",
                "us-west-1",
                "us-west-2",
                "ap-east-1",
                "ap-northeast-1",
                "eu-west-1",
                "eu-west-2"
            ],
            "tf_process": "v2.1.0"
        },
        {
            "account_name": "gilead-gpro-prd",
            "account_id": "208386738191",
            "parent_ou_id": "",
            "active_regions": [
                "us-east-1",
                "us-west-2"
            ],
            "tf_process": "v2.1.0"
        },
        {
            "account_name": "gilead-hosting-gxp-prd",
            "account_id": "469539927968",
            "parent_ou_id": "",
            "active_regions": [
                "us-east-1",
                "us-west-1",
                "us-west-2"
            ],
            "tf_process": "v2.1.0"
        },
        {
            "account_name": "gilead-hosting-gxp-val",
            "account_id": "810502912949",
            "parent_ou_id": "",
            "active_regions": [
                "us-west-2",
                "us-west-1"
            ],
            "tf_process": "v2.1.0"
        },
        {
            "account_name": "gilead-edp-commercial-producer-dev",
            "account_id": "689566334415",
            "parent_ou_id": "ou-lu8a-sl3pxq3x",
            "active_regions": [
                "us-west-2",
                "us-east-1",
                "eu-central-1"
            ],
            "tf_process": "v2.1.0",
            "release_set": "edp"
        },
        {
            "account_name": "gilead-edp-northstar-consumer-dev",
            "account_id": "072451574234",
            "parent_ou_id": "ou-lu8a-1h5rzj0j",
            "active_regions": [
                "us-west-2",
                "us-east-1"
            ],
            "tf_process": "v2.1.0",
            "release_set": "edp"
        },
        {
            "account_name": "gilead-edp-commercial-consumer-dev",
            "account_id": "211637846879",
            "parent_ou_id": "ou-lu8a-1h5rzj0j",
            "active_regions": [
                "us-west-2",
                "us-east-1"
            ],
            "tf_process": "v2.1.0",
            "env_override": "dev",
            "release_set": "edp"
        },
        {
            "account_name": "gilead-edp-rnd-producer-dev",
            "account_id": "068990297071",
            "parent_ou_id": "ou-lu8a-aovj4c30",
            "active_regions": [
                "us-west-2",
                "us-east-1"
            ],
            "tf_process": "v2.1.0",
            "release_set": "edp"
        },
        {
            "account_name": "gilead-edp-marvel-consumer-dev",
            "account_id": "942267903660",
            "parent_ou_id": "ou-lu8a-quz2t4ts",
            "active_regions": [
                "us-west-2",
                "us-east-1"
            ],
            "tf_process": "v2.1.0",
            "release_set": "edp"
        },
        {
            "account_name": "gilead-edp-engineering-dev",
            "account_id": "818749055714",
            "parent_ou_id": "ou-lu8a-f6th3st2",
            "active_regions": [
                "us-west-2",
                "us-east-1",
                "eu-central-1"
            ],
            "tf_process": "v2.1.0",
            "release_set": "edp"
        },
        {
            "account_name": "gilead-edp-commercial-producer-tst",
            "account_id": "373626861750",
            "parent_ou_id": "ou-lu8a-uwjp3i2t",
            "active_regions": [
                "us-west-2",
                "us-east-1",
                "eu-central-1"
            ],
            "tf_process": "v2.1.0",
            "release_set": "edp"
        },
        {
            "account_name": "gilead-edp-commercial-consumer-tst",
            "account_id": "346932878070",
            "parent_ou_id": "ou-lu8a-4uurpgdj",
            "active_regions": [
                "us-west-2",
                "us-east-1"
            ],
            "tf_process": "v2.0.0",
            "release_set": "edp"
        },
        {
            "account_name": "gilead-edp-northstar-consumer-tst",
            "account_id": "758924453520",
            "parent_ou_id": "ou-lu8a-4o0gnyc3",
            "active_regions": [
                "us-west-2",
                "us-east-1"
            ],
            "tf_process": "v2.1.0",
            "release_set": "edp"
        },
        {
            "account_name": "gilead-edp-rnd-producer-tst",
            "account_id": "664049394878",
            "parent_ou_id": "ou-lu8a-tseqwxxs",
            "active_regions": [
                "us-west-2",
                "us-east-1"
            ],
            "tf_process": "v2.1.0",
            "release_set": "edp:disabled"
        },
        {
            "account_name": "gilead-edp-marvel-consumer-tst",
            "account_id": "742958705893",
            "parent_ou_id": "ou-lu8a-m4bms9fu",
            "active_regions": [
                "us-west-2",
                "us-east-1"
            ],
            "tf_process": "v2.1.0",
            "release_set": "edp:disabled"
        },
        {
            "account_name": "gilead-edp-engineering-tst",
            "account_id": "311290397103",
            "parent_ou_id": "ou-lu8a-zqyzp2de",
            "active_regions": [
                "us-west-2",
                "us-east-1"
            ],
            "tf_process": "v2.1.0",
            "release_set": "edp"
        },
        {
            "account_name": "gilead-edp-engineering-val",
            "account_id": "955491174440",
            "parent_ou_id": "ou-lu8a-wvjztr2j",
            "active_regions": [
                "us-west-2",
                "us-east-1"
            ],
            "tf_process": "v2.1.0",
            "release_set": "edp"
        },
        {
            "account_name": "gilead-edp-pdm-producer-tst",
            "account_id": "883655817956",
            "parent_ou_id": "ou-lu8a-0b7o3fsv",
            "active_regions": [
                "us-west-2",
                "us-east-1"
            ],
            "tf_process": "v2.1.0",
            "release_set": "edp"
        },
        {
            "account_name": "gilead-edp-pdm-producer-val",
            "account_id": "711012742296",
            "parent_ou_id": "ou-lu8a-aplmmu4a",
            "active_regions": [
                "us-west-2",
                "us-east-1"
            ],
            "tf_process": "v2.1.0",
            "release_set": "edp"
        },
        {
            "account_name": "gilead-edp-pdm-producer-prd",
            "account_id": "717684398540",
            "parent_ou_id": "ou-lu8a-3xsv4kcn",
            "active_regions": [
                "us-west-2",
                "us-east-1"
            ],
            "tf_process": "v2.1.0",
            "release_set": "edp"
        },
        {
            "account_name": "gilead-edp-pdm-consumer-val",
            "account_id": "877636792289",
            "parent_ou_id": "ou-lu8a-gx60i34o",
            "active_regions": [
                "us-west-2",
                "us-east-1"
            ],
            "tf_process": "v2.1.0",
            "release_set": "edp:disabled"
        },
        {
            "account_name": "gilead-edp-commercial-producer-prd",
            "account_id": "978920580473",
            "parent_ou_id": "ou-lu8a-2r0c04n3",
            "active_regions": [
                "us-west-2",
                "us-east-1",
                "eu-central-1"
            ],
            "tf_process": "v2.1.0",
            "release_set": "edp"
        },
        {
            "account_name": "gilead-edp-northstar-consumer-prd",
            "account_id": "719675892681",
            "parent_ou_id": "ou-lu8a-m8r5zk9a",
            "active_regions": [
                "us-west-2",
                "us-east-1"
            ],
            "tf_process": "v2.1.0",
            "account_alias": "gilead-edp-commercial-consumer-prd",
            "release_set": "edp"
        },
        {
            "account_name": "gilead-edp-engineering-prd",
            "account_id": "244530306763",
            "parent_ou_id": "ou-lu8a-dds75ssu",
            "active_regions": [
                "us-west-2",
                "us-east-1"
            ],
            "tf_process": "v2.1.0",
            "release_set": "edp"
        },
        {
            "account_name": "gilead-hosting-gxp-tst",
            "account_id": "096944048220",
            "parent_ou_id": "",
            "active_regions": [
                "us-west-1",
                "us-west-2"
            ],
            "tf_process": "v2.1.0"
        },
        {
            "account_name": "gilead-networking-tst",
            "account_id": "917158656518",
            "parent_ou_id": "",
            "active_regions": [
                "us-east-1",
                "us-west-1",
                "us-west-2"
            ],
            "tf_process": "v2.1.0"
        },
        {
            "account_name": "awsnebulatest1",
            "account_id": "229751700426",
            "parent_ou_id": "",
            "active_regions": [
                "us-east-1"
            ],
            "account_alias": "nebulaworks-test",
            "env_override": "dev",
            "tf_process": "v2.1.0"
        },
        {
            "account_name": "gilead-kresbioinformatics-prd",
            "account_id": "433153556456",
            "parent_ou_id": "",
            "active_regions": [
                "us-east-1",
                "us-west-1",
                "us-west-2",
                "eu-west-1"
            ],
            "account_alias": "celldesignlabs",
            "env_override": "prd",
            "tf_process": "v2.1.0"
        },
        {
            "account_name": "dsdev",
            "account_id": "466952948287",
            "parent_ou_id": "",
            "active_regions": [
                "us-west-2"
            ],
            "account_alias": "gilead-dsdev",
            "env_override": "dev",
            "tf_process": "v2.1.0"
        },
        {
            "account_name": "gilead-ermmtool-prd",
            "account_id": "321105233730",
            "parent_ou_id": "",
            "active_regions": [
                "us-east-1",
                "eu-west-1"
            ],
            "account_alias": "gilead-ermmtool",
            "tf_process": "v2.1.0"
        },
        {
            "account_name": "sharedaccount",
            "account_id": "276681510909",
            "parent_ou_id": "",
            "active_regions": [
                "us-west-1",
                "us-west-2",
                "eu-central-1"
            ],
            "account_alias": "gilead-sharedaccount",
            "env_override": "dev",
            "tf_process": "v2.1.0"
        },
        {
            "account_name": "kitesasoregon",
            "account_id": "351340862075",
            "parent_ou_id": "",
            "active_regions": [
                "us-east-1",
                "us-west-2"
            ],
            "env_override": "dev",
            "tf_process": "v2.1.0"
        },
        {
            "account_name": "VIROLOGY",
            "account_id": "447535643793",
            "parent_ou_id": "",
            "active_regions": [
                "us-east-1",
                "us-west-1",
                "us-west-2"
            ],
            "account_alias": "gilead-virology",
            "env_override": "dev",
            "tf_process": "v2.1.0"
        },
        {
            "account_name": "GAWS Master Account",
            "account_id": "179886990997",
            "parent_ou_id": "r-lu8a",
            "active_regions": [
                "us-west-2",
                "us-east-1",
                "ap-southeast-2",
                "ca-central-1",
                "eu-central-1",
                "eu-west-1",
                "us-west-1"
            ],
            "account_alias": "gilead-master-account",
            "env_override": "prd",
            "tf_process": "v2.1.0"
        },
        {
            "account_name": "gilead-security-tst",
            "account_id": "851575914982",
            "parent_ou_id": "ou-lu8a-fmhp8ffa",
            "active_regions": [
                "us-west-2",
                "us-east-1",
                "us-west-1"
            ],
            "tf_process": "v2.1.0"
        },
        {
            "account_name": "gilead-devops-tst",
            "account_id": "459059121396",
            "parent_ou_id": "ou-lu8a-zym2zlf6",
            "active_regions": [
                "ap-southeast-2",
                "ca-central-1",
                "eu-central-1",
                "eu-west-1",
                "us-east-1",
                "us-west-1",
                "us-west-2"
            ],
            "tf_process": "v2.1.0"
        },
        {
            "account_name": "gilead-gaws-val",
            "account_id": "904384702816",
            "parent_ou_id": "ou-lu8a-q1jo268u",
            "active_regions": [
                "us-west-2",
                "us-east-1"
            ],
            "tf_process": "v2.1.0",
            "env_override": "tst"
        },
        {
            "account_name": "gilead-security-prd",
            "account_id": "559634873837",
            "parent_ou_id": "ou-lu8a-7h8a9fq1",
            "active_regions": [
                "ap-southeast-2",
                "ca-central-1",
                "eu-central-1",
                "eu-west-1",
                "eu-west-2",
                "us-east-1",
                "us-west-1",
                "us-west-2",
                "ap-east-1",
                "ap-northeast-1"
            ],
            "tf_process": "v2.1.0"
        },
        {
            "account_name": "gilead-bluestream-prd",
            "account_id": "415569332190",
            "parent_ou_id": "ou-lu8a-4n8ddxrb",
            "active_regions": [
                "us-west-2",
                "us-east-1",
                "us-west-1"
            ],
            "tf_process": "v2.1.0"
        },
        {
            "account_name": "gilead-dynamic-opex-forecast-prd",
            "account_id": "907766285166",
            "parent_ou_id": "ou-lu8a-0go5v7go",
            "active_regions": [
                "us-west-2",
                "us-east-1"
            ],
            "tf_process": "v2.1.0"
        },
        {
            "account_name": "gilead-pdm-ds-prd",
            "account_id": "150807650330",
            "parent_ou_id": "",
            "active_regions": [
                "us-east-1",
                "us-west-2"
            ],
            "tf_process": "v2.1.0"
        },
        {
            "account_name": "gilead-logging-prd",
            "account_id": "959131885277",
            "parent_ou_id": "ou-lu8a-wilk9boj",
            "active_regions": [
                "ap-southeast-2",
                "ca-central-1",
                "eu-central-1",
                "eu-west-1",
                "us-east-1",
                "us-west-1",
                "us-west-2"
            ],
            "tf_process": "v2.1.0"
        },
        {
            "account_name": "gilead-networking-prd",
            "account_id": "701602417137",
            "parent_ou_id": "ou-lu8a-1o4broqs",
            "active_regions": [
                "us-west-2",
                "us-east-1",
                "us-west-1",
                "eu-west-1",
                "eu-west-2",
                "ap-northeast-1",
                "ap-east-1"
            ],
            "tf_process": "v2.1.0"
        },
        {
            "account_name": "empowerp",
            "account_id": "544546762439",
            "parent_ou_id": "",
            "active_regions": [
                "us-west-2",
                "us-east-1"
            ],
            "tf_process": "v2.1.0",
            "env_override": "prd",
            "account_alias": "empower-prod"
        },
        {
            "account_name": "gilead-cellbiogb-dev",
            "account_id": "778597214619",
            "parent_ou_id": "ou-lu8a-h0otgdsa",
            "active_regions": [
                "us-west-1",
                "us-east-1"
            ],
            "account_alias": "cellbio-gb-dev"
        },
        {
            "account_name": "gilead-analyinnv-dev",
            "account_id": "090651666611",
            "parent_ou_id": "ou-lu8a-f6urb98v",
            "active_regions": [
                "us-west-1",
                "us-west-2",
                "us-east-1"
            ]
        },
        {
            "account_name": "AOEM",
            "account_id": "631399058606",
            "parent_ou_id": "",
            "active_regions": [
                "eu-central-1",
                "us-west-2",
                "us-east-1"
            ],
            "account_alias": "pdmdev",
            "env_override": "dev",
            "tf_process": "v2.1.0"
        },
        {
            "account_name": "Hosting Share Service Account",
            "account_id": "605128299379",
            "parent_ou_id": "ou-lu8a-w5hov4op",
            "active_regions": [
                "us-west-1",
                "us-west-2",
                "us-east-1"
            ],
            "env_override": "dev",
            "account_alias": "hosting-shared-services"
        },
        {
            "account_name": "CryoEM",
            "account_id": "694113519427",
            "parent_ou_id": "ou-lu8a-qmvvvic2",
            "active_regions": [
                "eu-central-1",
                "us-west-2",
                "us-east-1",
                "us-west-1"
            ],
            "account_alias": "gilead-cryoem",
            "env_override": "dev",
            "tf_process": "v2.0.0"
        },
        {
            "account_name": "gilead-tagbio-dev",
            "account_id": "189025506557",
            "parent_ou_id": "ou-lu8a-5ptubt7y",
            "active_regions": [
                "us-west-2",
                "us-east-1"
            ],
            "tf_process": "v2.1.0"
        },
        {
            "account_name": "gilead-compliance-auto-qualification-sandbox-dev",
            "account_id": "387015178128",
            "parent_ou_id": "ou-lu8a-2ht6yuv5",
            "active_regions": [
                "us-east-1",
                "us-west-1"
            ],
            "tf_process": "v2.1.0"
        },
        {
            "account_name": "kitebioseq",
            "account_id": "134655284203",
            "parent_ou_id": "",
            "active_regions": [
                "us-east-1"
            ],
            "env_override": "dev",
            "tf_process": "v2.1.0"
        },
        {
            "account_name": "Ellayararwhy Aych",
            "account_id": "108964893469",
            "parent_ou_id": "ou-lu8a-lrptnw7u",
            "active_regions": []
        },
        {
            "account_name": "tableauPOC",
            "account_id": "708576173498",
            "parent_ou_id": "ou-lu8a-9fuf25fx",
            "active_regions": []
        },
        {
            "account_name": "Greg Nichols",
            "account_id": "557113285638",
            "parent_ou_id": "ou-lu8a-oickto5a",
            "active_regions": []
        },
        {
            "account_name": "DMAPilot-DC",
            "account_id": "597396676113",
            "parent_ou_id": "ou-lu8a-o0plo7u3",
            "active_regions": []
        },
        {
            "account_name": "Srinivas Subbarao",
            "account_id": "621916404188",
            "parent_ou_id": "ou-lu8a-n34rakuv",
            "active_regions": []
        },
        {
            "account_name": "Larry Hale",
            "account_id": "848393475742",
            "parent_ou_id": "ou-lu8a-yckxn0fh",
            "active_regions": []
        },
        {
            "account_name": "Ellayararwhy Aych",
            "account_id": "941665768923",
            "parent_ou_id": "ou-lu8a-o9ss10k0",
            "active_regions": []
        },
        {
            "account_name": "yashwanth",
            "account_id": "139447226195",
            "parent_ou_id": "ou-lu8a-w52pxrxi",
            "active_regions": []
        },
        {
            "account_name": "gilead-edp-life-sciences-compliance-producer-dev",
            "account_id": "500372948792",
            "parent_ou_id": "ou-lu8a-w346vfwi",
            "active_regions": [
                "us-west-2",
                "us-east-1",
                "eu-central-1"
            ],
            "tf_process": "v2.1.0",
            "env_override": "dev",
            "release_set": "edp"
        },
        {
            "account_name": "gilead-edp-life-sciences-compliance-producer-prd",
            "account_id": "869415736383",
            "parent_ou_id": "ou-lu8a-x8u6prcu",
            "active_regions": [
                "us-west-2",
                "us-east-1",
                "eu-central-1"
            ],
            "tf_process": "v2.1.0",
            "env_override": "prd",
            "release_set": "edp"
        },
        {
            "account_name": "gilead-edp-life-sciences-compliance-consumer-dev",
            "account_id": "939598338407",
            "parent_ou_id": "ou-lu8a-5zkfde6g",
            "active_regions": [
                "us-west-2",
                "us-east-1",
                "eu-central-1"
            ],
            "tf_process": "v2.1.0",
            "env_override": "dev",
            "release_set": "edp"
        },
        {
            "account_name": "gilead-edp-life-sciences-compliance-producer-tst",
            "account_id": "988726098146",
            "parent_ou_id": "ou-lu8a-xi4my38p",
            "active_regions": [
                "us-west-2",
                "us-east-1",
                "eu-central-1"
            ],
            "tf_process": "v2.1.0",
            "env_override": "tst",
            "release_set": "edp"
        },
        {
            "account_name": "gilead-edp-life-sciences-compliance-consumer-tst",
            "account_id": "138947046932",
            "parent_ou_id": "ou-lu8a-il06m3ja",
            "active_regions": [
                "us-west-2",
                "us-east-1",
                "eu-central-1"
            ],
            "tf_process": "v2.1.0",
            "env_override": "tst",
            "release_set": "edp"
        },
        {
            "account_name": "gilead-edp-life-sciences-compliance-consumer-prd",
            "account_id": "726476584952",
            "parent_ou_id": "ou-lu8a-7s1ljg6b",
            "active_regions": [
                "us-west-2",
                "us-east-1",
                "eu-central-1"
            ],
            "tf_process": "v2.1.0",
            "env_override": "prd",
            "release_set": "edp"
        },
        {
            "account_name": "gilead-edp-gna-hr-producer-dev",
            "account_id": "190210481192",
            "parent_ou_id": "ou-lu8a-qt31mgxu",
            "active_regions": [
                "us-west-2",
                "us-east-1"
            ],
            "tf_process": "v2.1.0",
            "env_override": "dev",
            "release_set": "edp:disabled"
        },
        {
            "account_name": "gilead-edp-gna-hr-producer-tst",
            "account_id": "182436299422",
            "parent_ou_id": "ou-lu8a-4xr1r4xy",
            "active_regions": [
                "us-west-2",
                "us-east-1"
            ],
            "tf_process": "v2.1.0",
            "env_override": "tst",
            "release_set": "edp"
        },
        {
            "account_name": "gilead-edp-gna-hr-producer-prd",
            "account_id": "285936246797",
            "parent_ou_id": "ou-lu8a-e0lkrxzc",
            "active_regions": [
                "us-west-2",
                "us-east-1"
            ],
            "tf_process": "v2.1.0",
            "env_override": "prd",
            "release_set": "edp"
        },
        {
            "account_name": "gilead-edp-gna-hr-consumer-dev",
            "account_id": "732347814108",
            "parent_ou_id": "ou-lu8a-q0lpxzu5",
            "active_regions": [
                "us-west-2",
                "us-east-1"
            ],
            "tf_process": "v2.1.0",
            "env_override": "dev",
            "release_set": "edp:disabled"
        },
        {
            "account_name": "gilead-edp-gna-corp-ops-dev",
            "account_id": "653872011660",
            "parent_ou_id": "ou-lu8a-ws93gt5x",
            "active_regions": [
                "us-west-2",
                "us-east-1"
            ],
            "tf_process": "v2.1.0",
            "env_override": "dev",
            "release_set": "edp"
        },
        {
            "account_name": "gilead-edp-gna-corp-ops-tst",
            "account_id": "287212102378",
            "parent_ou_id": "ou-lu8a-612dxcnr",
            "active_regions": [
                "us-west-2",
                "us-east-1"
            ],
            "tf_process": "v2.1.0",
            "env_override": "tst",
            "release_set": "edp"
        },
        {
            "account_name": "gilead-edp-gna-corp-ops-prd",
            "account_id": "714589865479",
            "parent_ou_id": "ou-lu8a-abpw8r6b",
            "active_regions": [
                "us-west-2",
                "us-east-1"
            ],
            "tf_process": "v2.1.0",
            "env_override": "prd",
            "release_set": "edp"
        },
        {
            "account_name": "gilead-edp-pdm-producer-dev",
            "account_id": "578146014973",
            "parent_ou_id": "ou-lu8a-o9p042ke",
            "active_regions": [
                "us-west-2",
                "us-east-1"
            ],
            "tf_process": "v2.1.0",
            "env_override": "dev",
            "release_set": "edp"
        },
        {
            "account_name": "gilead-edp-finance-producer-dev",
            "account_id": "463858479017",
            "parent_ou_id": "ou-lu8a-k2qr442r",
            "active_regions": [
                "us-west-2",
                "us-east-1"
            ],
            "tf_process": "v2.1.0",
            "env_override": "dev",
            "release_set": "edp"
        },
        {
            "account_name": "gilead-edp-finance-producer-tst",
            "account_id": "520302245422",
            "parent_ou_id": "ou-lu8a-2si6452n",
            "active_regions": [
                "us-west-2",
                "us-east-1"
            ],
            "tf_process": "v2.1.0",
            "release_set": "edp"
        },
        {
            "account_name": "gilead-edp-finance-producer-prd",
            "account_id": "674988182990",
            "parent_ou_id": "ou-lu8a-if4fpoa7",
            "active_regions": [
                "us-west-2",
                "us-east-1"
            ],
            "tf_process": "v2.1.0",
            "release_set": "edp"
        },
        {
            "account_name": "gilead-edp-gdo-producer-dev",
            "account_id": "294979426455",
            "parent_ou_id": "ou-lu8a-k2qr442r",
            "active_regions": [
                "us-west-2",
                "us-east-1"
            ],
            "tf_process": "v2.1.0",
            "env_override": "dev",
            "release_set": "edp:disabled"
        },
        {
            "account_name": "gilead-edp-gdo-producer-tst",
            "account_id": "959530117745",
            "parent_ou_id": "ou-lu8a-0ll6hs3f",
            "active_regions": [
                "us-west-2",
                "us-east-1"
            ],
            "tf_process": "v2.1.0",
            "release_set": "edp"
        },
        {
            "account_name": "gilead-edp-gdo-producer-prd",
            "account_id": "963199095787",
            "parent_ou_id": "ou-lu8a-sejgffht",
            "active_regions": [
                "us-west-2",
                "us-east-1"
            ],
            "tf_process": "v2.1.0",
            "release_set": "edp"
        },
        {
            "account_name": "gilead-biostatistics-dev",
            "account_id": "747603283557",
            "parent_ou_id": "ou-lu8a-vr15of1y",
            "active_regions": [
                "us-west-2",
                "us-east-1"
            ],
            "tf_process": "v2.1.0"
        },
        {
            "account_name": "gilead-eda-datascienceusr-adm-dev",
            "account_id": "966942678333",
            "parent_ou_id": "ou-lu8a-nigw61wl",
            "active_regions": [
                "us-west-2",
                "us-east-1"
            ],
            "tf_process": "v2.1.0"
        },
        {
            "account_name": "gilead-kite-kdh-dev",
            "account_id": "464256527961",
            "parent_ou_id": "ou-lu8a-ibokldpq",
            "active_regions": [
                "us-west-2",
                "us-east-1",
                "us-west-1"
            ],
            "tf_process": "v2.1.0",
            "release_set": "kite"
        },
        {
            "account_name": "gilead-kite-kdh-tst",
            "account_id": "534293908878",
            "parent_ou_id": "ou-lu8a-2d36ov3m",
            "active_regions": [
                "us-west-2",
                "us-east-1",
                "us-west-1"
            ],
            "tf_process": "v2.1.0",
            "release_set": "kite"
        },
        {
            "account_name": "gilead-onetrust-dev",
            "account_id": "412673683530",
            "parent_ou_id": "ou-lu8a-ifb5lihy",
            "active_regions": [],
            "tf_process": "v2.1.0"
        },
        {
            "account_name": "gilead-mobile-sandbox-dev",
            "account_id": "442666914251",
            "parent_ou_id": "ou-lu8a-cjy5ln48",
            "active_regions": [
                "us-west-2",
                "us-east-1"
            ],
            "tf_process": "v2.1.0"
        },
        {
            "account_name": "gilead-gdash-gxp-dev",
            "account_id": "241179363089",
            "parent_ou_id": "ou-lu8a-riidirfx",
            "active_regions": [
                "us-west-2",
                "us-east-1"
            ],
            "tf_process": "v2.1.0"
        },
        {
            "account_name": "gilead-development-systems-dev",
            "account_id": "091604605342",
            "parent_ou_id": "ou-lu8a-20x79nw6",
            "active_regions": [
                "us-west-2",
                "us-east-1"
            ],
            "tf_process": "v2.1.0",
            "release_set": "dss"
        },
        {
            "account_name": "gilead-development-systems-tst",
            "account_id": "946153448125",
            "parent_ou_id": "ou-lu8a-j77mjyzw",
            "active_regions": [
                "us-west-2",
                "us-east-1"
            ],
            "tf_process": "v2.1.0",
            "release_set": "dss"
        },
        {
            "account_name": "gilead-development-systems-prod",
            "account_id": "268372387038",
            "parent_ou_id": "ou-lu8a-ppe1qk9y",
            "active_regions": [
                "us-west-2",
                "us-east-1"
            ],
            "tf_process": "v2.1.0",
            "env_override": "prd",
            "account_alias": "gilead-development-systems-prd",
            "release_set": "dss"
        },
        {
            "account_name": "gilead-kite-kdh-prd",
            "account_id": "034684561559",
            "parent_ou_id": "ou-lu8a-034rixcn",
            "active_regions": [
                "us-west-2",
                "us-east-1",
                "us-west-1"
            ],
            "tf_process": "v2.1.0",
            "release_set": "kite"
        },
        {
            "account_name": "gilead-kitesce-gxp-prd",
            "account_id": "601918594885",
            "parent_ou_id": "ou-lu8a-tsr81hyx",
            "active_regions": [
                "us-west-2",
                "us-east-1"
            ],
            "tf_process": "v2.1.0",
            "release_set": "kite"
        },
        {
            "account_name": "gilead-kitesce-gxp-val",
            "account_id": "391155064796",
            "parent_ou_id": "ou-lu8a-5fntcryi",
            "active_regions": [
                "us-west-2",
                "us-east-1"
            ],
            "tf_process": "v2.1.0",
            "release_set": "kite"
        },
        {
            "account_name": "gilead-kitesce-dev",
            "account_id": "642460867297",
            "parent_ou_id": "ou-lu8a-2wsxnp2b",
            "active_regions": [
                "us-west-2"
            ],
            "tf_process": "v2.1.0",
            "release_set": "kite"
        },
        {
            "account_name": "gilead-gdash-gxp-tst",
            "account_id": "384943132025",
            "parent_ou_id": "ou-lu8a-2bhtx7db",
            "active_regions": [
                "us-west-2",
                "us-east-1"
            ],
            "tf_process": "v2.1.0"
        },
        {
            "account_name": "gilead-gdash-gxp-prd",
            "account_id": "883931593351",
            "parent_ou_id": "ou-lu8a-e0e288m7",
            "active_regions": [
                "us-west-2",
                "us-east-1"
            ],
            "tf_process": "v2.1.0"
        },
        {
            "account_name": "gilead-gdna-ai-comm-dev",
            "account_id": "677309713737",
            "parent_ou_id": "ou-lu8a-33dv1ckj",
            "active_regions": [
                "us-west-2",
                "us-east-1"
            ],
            "tf_process": "v2.1.0",
            "release_set": "edp"
        },
        {
            "account_name": "gilead-gdna-ai-comm-tst",
            "account_id": "448786290090",
            "parent_ou_id": "ou-lu8a-uxoj6hz7",
            "active_regions": [
                "us-west-2",
                "us-east-1"
            ],
            "tf_process": "v2.1.0",
            "release_set": "edp"
        },
        {
            "account_name": "gilead-gdna-ai-comm-prd",
            "account_id": "215375763726",
            "parent_ou_id": "ou-lu8a-7154ngml",
            "active_regions": [
                "us-west-2",
                "us-east-1"
            ],
            "tf_process": "v2.1.0",
            "release_set": "edp"
        },
        {
            "account_name": "gilead-gdna-ai-comm-intl-dev",
            "account_id": "818767129454",
            "parent_ou_id": "ou-lu8a-yqd5imop",
            "active_regions": [
                "us-west-2",
                "us-east-1"
            ],
            "tf_process": "v2.1.0",
            "release_set": "edp"
        },
        {
            "account_name": "gilead-gdna-ai-comm-intl-tst",
            "account_id": "058525811043",
            "parent_ou_id": "ou-lu8a-p94v1vw6",
            "active_regions": [
                "us-west-2",
                "us-east-1"
            ],
            "tf_process": "v2.1.0",
            "release_set": "edp"
        },
        {
            "account_name": "gilead-gdna-ai-comm-intl-prd",
            "account_id": "659485494449",
            "parent_ou_id": "ou-lu8a-4px7lbe7",
            "active_regions": [
                "us-west-2",
                "us-east-1"
            ],
            "tf_process": "v2.1.0",
            "release_set": "edp"
        },
        {
            "account_name": "gilead-gdna-ai-pdm-qa-dev",
            "account_id": "533836482772",
            "parent_ou_id": "ou-lu8a-7badtx0y",
            "active_regions": [
                "us-west-2",
                "us-east-1"
            ],
            "tf_process": "v2.1.0",
            "release_set": "edp"
        },
        {
            "account_name": "gilead-gdna-ai-pdm-qa-tst",
            "account_id": "697335779446",
            "parent_ou_id": "ou-lu8a-7dvxqezx",
            "active_regions": [
                "us-west-2",
                "us-east-1"
            ],
            "tf_process": "v2.1.0",
            "release_set": "edp"
        },
        {
            "account_name": "gilead-gdna-ai-pdm-qa-prd",
            "account_id": "959164976276",
            "parent_ou_id": "ou-lu8a-7j7wt40v",
            "active_regions": [
                "us-west-2",
                "us-east-1"
            ],
            "tf_process": "v2.1.0",
            "release_set": "edp"
        },
        {
            "account_name": "gilead-gdna-ai-pdm-dev",
            "account_id": "564578355582",
            "parent_ou_id": "ou-lu8a-w6wpz51n",
            "active_regions": [
                "us-west-2",
                "us-east-1"
            ],
            "tf_process": "v2.1.0",
            "release_set": "edp"
        },
        {
            "account_name": "gilead-gdna-ai-pdm-tst",
            "account_id": "232775526187",
            "parent_ou_id": "ou-lu8a-2uklvcxe",
            "active_regions": [
                "us-west-2",
                "us-east-1"
            ],
            "tf_process": "v2.1.0",
            "release_set": "edp"
        },
        {
            "account_name": "gilead-gdna-ai-pdm-prd",
            "account_id": "333422937494",
            "parent_ou_id": "ou-lu8a-kztolma5",
            "active_regions": [
                "us-west-2",
                "us-east-1"
            ],
            "tf_process": "v2.1.0",
            "release_set": "edp"
        },
        {
            "account_name": "gilead-gdna-ai-cds-aa-dev",
            "account_id": "829109572535",
            "parent_ou_id": "ou-lu8a-r10pgh1i",
            "active_regions": [
                "us-west-2",
                "us-east-1"
            ],
            "tf_process": "v2.1.0",
            "release_set": "edp"
        },
        {
            "account_name": "gilead-gdna-ai-cds-aa-tst",
            "account_id": "753325025704",
            "parent_ou_id": "ou-lu8a-u8zwaqz1",
            "active_regions": [
                "us-west-2",
                "us-east-1"
            ],
            "tf_process": "v2.1.0",
            "release_set": "edp"
        },
        {
            "account_name": "gilead-gdna-ai-cds-aa-prd",
            "account_id": "798485361509",
            "parent_ou_id": "ou-lu8a-l906cbuh",
            "active_regions": [
                "us-west-2",
                "us-east-1"
            ],
            "tf_process": "v2.1.0",
            "release_set": "edp"
        },
        {
            "account_name": "gilead-gdna-ai-gna-cd-dev",
            "account_id": "740234349834",
            "parent_ou_id": "ou-lu8a-v1yhqjf0",
            "active_regions": [
                "us-west-2",
                "us-east-1"
            ],
            "tf_process": "v2.1.0",
            "release_set": "edp"
        },
        {
            "account_name": "gilead-gdna-ai-gna-cd-tst",
            "account_id": "692419936516",
            "parent_ou_id": "ou-lu8a-ixpo8j65",
            "active_regions": [
                "us-west-2",
                "us-east-1"
            ],
            "tf_process": "v2.1.0",
            "release_set": "edp"
        },
        {
            "account_name": "gilead-gdna-ai-gna-cd-prd",
            "account_id": "649034674581",
            "parent_ou_id": "ou-lu8a-t388px8i",
            "active_regions": [
                "us-west-2",
                "us-east-1"
            ],
            "tf_process": "v2.1.0",
            "release_set": "edp"
        },
        {
            "account_name": "gilead-onetrust-prd",
            "account_id": "730148211072",
            "parent_ou_id": "ou-lu8a-480h3sfq",
            "active_regions": [
                "us-west-2",
                "us-east-1"
            ],
            "tf_process": "v2.1.0"
        },
        {
            "account_name": "gilead-kite-kdh-val",
            "account_id": "697929759569",
            "env_override": "val",
            "parent_ou_id": "ou-lu8a-9b8wbneg",
            "active_regions": [
                "us-west-2",
                "us-east-1",
                "us-west-1"
            ],
            "tf_process": "v2.1.0",
            "release_set": "kite"
        },
        {
            "account_name": "gilead-rawplus-dev",
            "account_id": "331711016717",
            "parent_ou_id": "ou-lu8a-rgsljzh7",
            "active_regions": [
                "us-west-2",
                "us-east-1"
            ],
            "tf_process": "v2.1.0"
        },
        {
            "account_name": "gilead-cv-deepseq-tst",
            "account_id": "712190153517",
            "parent_ou_id": "ou-lu8a-615n489a",
            "active_regions": [
                "us-west-2",
                "us-east-1"
            ],
            "tf_process": "v2.1.0"
        },
        {
            "account_name": "gilead-cv-deepseq-prd",
            "account_id": "914994360153",
            "parent_ou_id": "ou-lu8a-fhyedhms",
            "active_regions": [
                "us-west-2",
                "us-east-1"
            ],
            "tf_process": "v2.1.0"
        },
        {
            "account_name": "gilead-cv-deepseq-val",
            "account_id": "794642248437",
            "parent_ou_id": "ou-lu8a-3p7h28jg",
            "active_regions": [
                "us-west-2",
                "us-east-1"
            ],
            "tf_process": "v2.1.0"
        },
        {
            "account_name": "gilead-kite-data-analytics-dev",
            "account_id": "340502182728",
            "parent_ou_id": "ou-lu8a-3p7h28jg",
            "active_regions": [
                "us-west-2",
                "us-east-1"
            ],
            "tf_process": "v2.1.0",
            "release_set": "kite"
        },
        {
            "account_name": "gilead-rawplus-tst",
            "account_id": "148913653493",
            "parent_ou_id": "ou-lu8a-x09xt5sq",
            "active_regions": [
                "us-west-2",
                "us-east-1"
            ],
            "tf_process": "v2.1.0"
        },
        {
            "account_name": "gilead-rawplus-prd",
            "account_id": "205739288585",
            "parent_ou_id": "ou-lu8a-uiwfn2t4",
            "active_regions": [
                "us-west-2",
                "us-east-1"
            ],
            "tf_process": "v2.1.0"
        },
        {
            "account_name": "gilead-hosting3-dev",
            "account_id": "289266415389",
            "parent_ou_id": "ou-lu8a-u2rdhkmf",
            "active_regions": [
                "us-east-1",
                "us-west-2",
                "us-west-1",
                "eu-west-2",
                "eu-west-1",
                "ap-northeast-1",
                "ap-east-1"
            ],
            "tf_process": "v2.1.0"
        },
        {
            "account_name": "gilead-hosting3-tst",
            "account_id": "606210154021",
            "parent_ou_id": "ou-lu8a-1rnw71fc",
            "active_regions": [
                "us-east-1",
                "us-west-2",
                "us-west-1",
                "eu-west-2",
                "eu-west-1",
                "ap-northeast-1",
                "ap-east-1"
            ],
            "tf_process": "v2.1.0"
        },
        {
            "account_name": "gilead-hosting3-ngxp-prd",
            "account_id": "440426515836",
            "parent_ou_id": "ou-lu8a-bplovoz6",
            "active_regions": [
                "us-east-1",
                "us-west-2",
                "us-west-1",
                "eu-west-2",
                "eu-west-1",
                "ap-northeast-1",
                "ap-east-1"
            ],
            "tf_process": "v2.1.0"
        },
        {
            "account_name": "gilead-hosting3-gxp-prd",
            "account_id": "694354816338",
            "parent_ou_id": "ou-lu8a-927meiqe",
            "active_regions": [
                "us-east-1",
                "us-west-2",
                "us-west-1",
                "eu-west-2",
                "eu-west-1",
                "ap-northeast-1",
                "ap-east-1"
            ],
            "tf_process": "v2.1.0"
        },
        {
            "account_name": "gilead-edp-gna-publicaffairs-dev",
            "account_id": "013024693058",
            "parent_ou_id": "ou-lu8a-oui0vq95",
            "active_regions": [
                "us-west-2",
                "us-east-1"
            ],
            "tf_process": "v2.1.0",
            "env_override": "dev",
            "release_set": "edp"
        },
        {
            "account_name": "gilead-edp-gna-itservices-dev",
            "account_id": "433919696339",
            "parent_ou_id": "ou-lu8a-iu4mk2pu",
            "active_regions": [
                "us-west-2",
                "us-east-1"
            ],
            "tf_process": "v2.1.0",
            "env_override": "dev",
            "release_set": "edp"
        },
        {
            "account_name": "gilead-edp-gna-publicaffairs-tst",
            "account_id": "203559272880",
            "parent_ou_id": "ou-lu8a-pysge3mn",
            "active_regions": [
                "us-west-2",
                "us-east-1"
            ],
            "tf_process": "v2.1.0",
            "env_override": "tst",
            "release_set": "edp"
        },
        {
            "account_name": "gilead-edp-gna-itservices-tst",
            "account_id": "117317137719",
            "parent_ou_id": "ou-lu8a-wusr0peg",
            "active_regions": [
                "us-west-2",
                "us-east-1"
            ],
            "tf_process": "v2.1.0",
            "env_override": "tst",
            "release_set": "edp"
        },
        {
            "account_name": "gilead-edp-gna-publicaffairs-prd",
            "account_id": "381177485071",
            "parent_ou_id": "ou-lu8a-63hqjh35",
            "active_regions": [
                "us-west-2",
                "us-east-1"
            ],
            "tf_process": "v2.1.0",
            "env_override": "prd",
            "release_set": "edp"
        },
        {
            "account_name": "gilead-edp-gna-itservices-prd",
            "account_id": "563514225865",
            "parent_ou_id": "ou-lu8a-53d3n59i",
            "active_regions": [
                "us-west-2",
                "us-east-1"
            ],
            "tf_process": "v2.1.0",
            "env_override": "prd",
            "release_set": "edp"
        },
        {
            "account_name": "gilead-rwe-sandbox-dev",
            "account_id": "975255564666",
            "parent_ou_id": "ou-lu8a-vdzdttlg",
            "active_regions": [
                "us-west-2",
                "us-east-1"
            ],
            "tf_process": "v2.1.0"
        },
        {
            "account_name": "gilead-edp-datamarketplace-dropzone-dev",
            "account_id": "880088557266",
            "parent_ou_id": "ou-lu8a-56cm807e",
            "active_regions": [
                "us-west-2",
                "us-east-1"
            ],
            "tf_process": "v2.1.0",
            "release_set": "edp"
        },
        {
            "account_name": "gilead-edp-datamarketplace-dropzone-tst",
            "account_id": "458478555605",
            "parent_ou_id": "ou-lu8a-jd1sr9d6",
            "active_regions": [
                "us-west-2",
                "us-east-1"
            ],
            "tf_process": "v2.1.0",
            "release_set": "edp"
        },
        {
            "account_name": "gilead-edp-datamarketplace-dropzone-prd",
            "account_id": "642648325288",
            "parent_ou_id": "ou-lu8a-xa0aucs4",
            "active_regions": [
                "us-west-2",
                "us-east-1"
            ],
            "tf_process": "v2.1.0",
            "release_set": "edp"
        },
        {
            "account_name": "gilead-gdna-ai-kite-it-dev",
            "account_id": "981182700059",
            "parent_ou_id": "ou-lu8a-blkafk2p",
            "active_regions": [
                "us-west-2",
                "us-east-1"
            ],
            "tf_process": "v2.1.0",
            "release_set": "edp"
        },
        {
            "account_name": "gilead-gdna-ai-kite-it-tst",
            "account_id": "212702174668",
            "parent_ou_id": "ou-lu8a-it48o6r1",
            "active_regions": [
                "us-west-2",
                "us-east-1"
            ],
            "tf_process": "v2.1.0",
            "release_set": "edp"
        },
        {
            "account_name": "gilead-gdna-ai-kite-it-prd",
            "account_id": "293220643440",
            "parent_ou_id": "ou-lu8a-lp3orts7",
            "active_regions": [
                "us-west-2",
                "us-east-1"
            ],
            "tf_process": "v2.1.0",
            "release_set": "edp"
        },
        {
            "account_name": "gilead-gdna-ai-gna-hr-dev",
            "account_id": "080774235658",
            "parent_ou_id": "ou-lu8a-m0yzmeje",
            "active_regions": [
                "us-west-2",
                "us-east-1"
            ],
            "tf_process": "v2.1.0",
            "release_set": "edp"
        },
        {
            "account_name": "gilead-gdna-ai-gna-hr-tst",
            "account_id": "008839127583",
            "parent_ou_id": "ou-lu8a-omlklkzf",
            "active_regions": [
                "us-west-2",
                "us-east-1"
            ],
            "tf_process": "v2.1.0",
            "release_set": "edp"
        },
        {
            "account_name": "gilead-gdna-ai-gna-hr-prd",
            "account_id": "139678180434",
            "parent_ou_id": "ou-lu8a-efsfyljm",
            "active_regions": [
                "us-west-2",
                "us-east-1"
            ],
            "tf_process": "v2.1.0",
            "release_set": "edp"
        },
        {
            "account_name": "gilead-gdna-ai-gna-compliance-dev",
            "account_id": "533042638938",
            "parent_ou_id": "ou-lu8a-0pd3a66l",
            "active_regions": [
                "us-west-2",
                "us-east-1"
            ],
            "tf_process": "v2.1.0",
            "release_set": "edp"
        },
        {
            "account_name": "gilead-gdna-ai-gna-compliance-tst",
            "account_id": "296423314533",
            "parent_ou_id": "ou-lu8a-gt0r712q",
            "active_regions": [
                "us-west-2",
                "us-east-1"
            ],
            "tf_process": "v2.1.0",
            "release_set": "edp"
        },
        {
            "account_name": "gilead-gdna-ai-gna-compliance-prd",
            "account_id": "757877153575",
            "parent_ou_id": "ou-lu8a-tttgjpu7",
            "active_regions": [
                "us-west-2",
                "us-east-1"
            ],
            "tf_process": "v2.1.0",
            "release_set": "edp"
        },
        {
            "account_name": "gilead-gdna-ai-it-security-iam-dev",
            "account_id": "388251640770",
            "parent_ou_id": "ou-lu8a-abivcp09",
            "active_regions": [
                "us-west-2",
                "us-east-1"
            ],
            "tf_process": "v2.1.0",
            "release_set": "edp"
        },
        {
            "account_name": "gilead-radiance-dev",
            "account_id": "659470613478",
            "parent_ou_id": "ou-lu8a-mlv1ma6b",
            "active_regions": [
                "us-west-2",
                "us-east-1"
            ],
            "tf_process": "v2.1.0"
        },
        {
            "account_name": "gilead-radiance-prd",
            "account_id": "515947181683",
            "parent_ou_id": "ou-lu8a-929zp4r5",
            "active_regions": [
                "us-west-2",
                "us-east-1"
            ],
            "tf_process": "v2.1.0"
        },
        {
            "account_name": "gilead-cpe-proserve-prd",
            "account_id": "804680686293",
            "parent_ou_id": "ou-lu8a-hg1pwt9p",
            "active_regions": [
                "us-west-2",
                "us-east-1"
            ],
            "tf_process": "v2.1.0"
        },
        {
            "account_name": "gilead-RnD-IT-SandBox-dev",
            "account_id": "776543442213",
            "parent_ou_id": "ou-lu8a-etsqg1lg",
            "active_regions": [
                "us-west-2",
                "us-east-1"
            ],
            "tf_process": "v2.1.0"
        },
        {
            "account_name": "gilead-gpmxs-gxp-dev",
            "account_id": "602153078760",
            "parent_ou_id": "ou-lu8a-jl9gogdb",
            "active_regions": [
                "us-west-2",
                "us-east-1"
            ],
            "tf_process": "v2.1.0"
        },
        {
            "account_name": "gilead-gpmxs-gxp-tst",
            "account_id": "634431783194",
            "parent_ou_id": "ou-lu8a-pb3czjdt",
            "active_regions": [
                "us-west-2",
                "us-east-1"
            ],
            "tf_process": "v2.1.0"
        },
        {
            "account_name": "gilead-gpmxs-gxp-prd",
            "account_id": "797731105374",
            "parent_ou_id": "ou-lu8a-przbz5y8",
            "active_regions": [
                "us-west-2",
                "us-east-1"
            ],
            "tf_process": "v2.1.0"
        },
        {
            "account_name": "gilead-gismo-sandbox-dev",
            "account_id": "814177438131",
            "parent_ou_id": "ou-lu8a-46i5fo1g",
            "active_regions": [
                "us-west-2",
                "us-east-1"
            ],
            "tf_process": "v2.1.0"
        },
        {
            "account_name": "gilead-edp-commercial-nba-dev",
            "account_id": "844109817753",
            "parent_ou_id": "ou-lu8a-3g8irsvb",
            "active_regions": [
                "us-west-2",
                "us-east-1"
            ],
            "tf_process": "v2.1.0",
            "release_set": "edp"
        },
        {
            "account_name": "gilead-edp-commercial-nba-tst",
            "account_id": "727835264769",
            "parent_ou_id": "ou-lu8a-mvo9w4u8",
            "active_regions": [
                "us-west-2",
                "us-east-1"
            ],
            "tf_process": "v2.1.0",
            "release_set": "edp"
        },
        {
            "account_name": "gilead-edp-commercial-nba-prd",
            "account_id": "688546334338",
            "parent_ou_id": "ou-lu8a-loo5z0ut",
            "active_regions": [
                "us-west-2",
                "us-east-1"
            ],
            "tf_process": "v2.1.0",
            "release_set": "edp"
        },
        {
            "account_name": "gilead-gismo-gxp-dev",
            "account_id": "464208318844",
            "parent_ou_id": "ou-lu8a-8wrr4c4l",
            "active_regions": [
                "us-west-2",
                "us-east-1"
            ],
            "tf_process": "v2.1.0"
        },
        {
            "account_name": "gilead-gismo-gxp-tst",
            "account_id": "219068579871",
            "parent_ou_id": "ou-lu8a-k582wu9j",
            "active_regions": [
                "us-west-2",
                "us-east-1"
            ],
            "tf_process": "v2.1.0"
        },
        {
            "account_name": "gilead-gismo-gxp-val",
            "account_id": "394846523782",
            "parent_ou_id": "ou-lu8a-81nikkej",
            "active_regions": [
                "us-west-2",
                "us-east-1"
            ],
            "tf_process": "v2.1.0"
        },
        {
            "account_name": "gilead-gismo-gxp-prd",
            "account_id": "932563542685",
            "parent_ou_id": "ou-lu8a-tfy9zubo",
            "active_regions": [
                "us-west-2",
                "us-east-1"
            ],
            "tf_process": "v2.1.0"
        },
        {
            "account_name": "gilead-edp-pdm-ui-dev",
            "account_id": "789947748697",
            "parent_ou_id": "ou-lu8a-tqf806s7",
            "active_regions": [
                "us-west-2",
                "us-east-1"
            ],
            "tf_process": "v2.0.0",
            "release_set": "edp"
        },
        {
            "account_name": "gilead-edp-pdm-ui-tst",
            "account_id": "055308640860",
            "parent_ou_id": "ou-lu8a-r97ne6ua",
            "active_regions": [
                "us-west-2",
                "us-east-1"
            ],
            "tf_process": "v2.0.0",
            "release_set": "edp"
        },
        {
            "account_name": "gilead-edp-pdm-ui-prd",
            "account_id": "883911368420",
            "parent_ou_id": "ou-lu8a-y0zscot2",
            "active_regions": [
                "us-west-2",
                "us-east-1"
            ],
            "tf_process": "v2.0.0",
            "release_set": "edp"
        },
        {
            "account_name": "gilead-edp-gdo-vendor-drop-zone-dev",
            "account_id": "098234611326",
            "parent_ou_id": "ou-lu8a-2eyuc8ig",
            "active_regions": [
                "us-west-2",
                "us-east-1"
            ],
            "tf_process": "v2.1.0",
            "release_set": "edp"
        },
        {
            "account_name": "gilead-edp-gdo-vendor-drop-zone-tst",
            "account_id": "352371711104",
            "parent_ou_id": "ou-lu8a-oer4vf85",
            "active_regions": [
                "us-west-2",
                "us-east-1"
            ],
            "tf_process": "v2.1.0",
            "release_set": "edp"
        },
        {
            "account_name": "gilead-edp-gdo-vendor-drop-zone-val",
            "account_id": "237921782298",
            "parent_ou_id": "ou-lu8a-rq2zp9k0",
            "active_regions": [
                "us-west-2",
                "us-east-1"
            ],
            "tf_process": "v2.1.0",
            "release_set": "edp"
        },
        {
            "account_name": "gilead-edp-gdo-vendor-drop-zone-prd",
            "account_id": "625091943452",
            "parent_ou_id": "ou-lu8a-z62jknh1",
            "active_regions": [
                "us-west-2",
                "us-east-1"
            ],
            "tf_process": "v2.1.0",
            "release_set": "edp"
        },
        {
            "account_name": "gilead-arb-sandbox-dev",
            "account_id": "844278591213",
            "parent_ou_id": "ou-lu8a-x7tper1t",
            "active_regions": [
                "us-west-2",
                "us-east-1"
            ],
            "tf_process": "v2.1.0"
        },
        {
            "account_name": "gilead-edp-medical-affairs-dev",
            "account_id": "360098125451",
            "parent_ou_id": "ou-lu8a-m1iv7ypf",
            "active_regions": [
                "us-west-2",
                "us-east-1"
            ],
            "tf_process": "v2.1.0",
            "release_set": "edp"
        },
        {
            "account_name": "gilead-edp-medical-affairs-tst",
            "account_id": "840742792771",
            "parent_ou_id": "ou-lu8a-90wrm57z",
            "active_regions": [
                "us-west-2",
                "us-east-1"
            ],
            "tf_process": "v2.1.0",
            "release_set": "edp"
        },
        {
            "account_name": "gilead-edp-medical-affairs-prd",
            "account_id": "477476872839",
            "parent_ou_id": "ou-lu8a-ll2giw79",
            "active_regions": [
                "us-west-2",
                "us-east-1"
            ],
            "tf_process": "v2.1.0",
            "release_set": "edp"
        },
        {
            "account_name": "gilead-itsrc-prd",
            "account_id": "975909986604",
            "parent_ou_id": "ou-lu8a-oq25zh5t",
            "active_regions": [
                "us-west-2",
                "us-east-1"
            ],
            "tf_process": "v2.1.0"
        },
        {
            "account_name": "gilead-kdh-prd",
            "account_id": "199718367846",
            "parent_ou_id": "ou-lu8a-g8p3wv3r",
            "active_regions": [
                "us-west-2",
                "us-east-1"
            ],
            "tf_process": "v2.1.0"
        },
        {
            "account_name": "gilead-kite-sasviya-prd",
            "account_id": "251201736749",
            "parent_ou_id": "ou-lu8a-kenl0bwc",
            "active_regions": [
                "us-west-2",
                "us-east-1"
            ],
            "tf_process": "v2.1.0"
        },
        {
            "account_name": "gilead-platform-solutions-sbx-dev",
            "account_id": "962836864116",
            "parent_ou_id": "ou-lu8a-9md3sejb",
            "active_regions": [
                "us-west-2",
                "us-east-1"
            ],
            "tf_process": "v2.1.0"
        },
        {
            "account_name": "gilead-kiteclindev-ngxp-prd",
            "account_id": "173645677756",
            "parent_ou_id": "ou-lu8a-gkhao4oi",
            "active_regions": [
                "us-west-2",
                "us-east-1"
            ],
            "tf_process": "v2.1.0"
        },
        {
            "account_name": "gilead-itsrc-dev",
            "account_id": "898372299106",
            "parent_ou_id": "ou-lu8a-wv51rqsi",
            "active_regions": [
                "us-west-2",
                "us-east-1"
            ],
            "tf_process": "v2.1.0"
        },
        {
            "account_name": "gilead-Zerto-sandbox-dev",
            "account_id": "272392907252",
            "parent_ou_id": "ou-lu8a-be5qiy8i",
            "active_regions": [
                "us-west-2",
                "us-east-1",
                "us-west-1"
            ],
            "tf_process": "v2.1.0"
        },
        {
            "account_name": "gilead-hosting3-gxp-val",
            "account_id": "963859661180",
            "parent_ou_id": "ou-lu8a-39foyklf",
            "active_regions": [
                "us-east-1",
                "us-west-2",
                "us-west-1",
                "eu-west-2",
                "eu-west-1",
                "ap-northeast-1",
                "ap-east-1"
            ],
            "tf_process": "v2.1.0"
        },
        {
            "account_name": "gilead-tw-pilot-1-dev",
            "account_id": "062467461538",
            "parent_ou_id": "ou-lu8a-dshbt1ld",
            "active_regions": [
                "us-west-2"
            ],
            "tf_process": "v2.1.0"
        },
        {
            "account_name": "gilead-edp-bids-dev",
            "account_id": "855512970584",
            "parent_ou_id": "ou-lu8a-n7epc2md",
            "active_regions": [
                "us-west-2",
                "us-east-1"
            ],
            "tf_process": "v2.1.0",
            "release_set": "edp"
        },
        {
            "account_name": "gilead-edp-bids-tst",
            "account_id": "753011475987",
            "parent_ou_id": "ou-lu8a-m7hkuajh",
            "active_regions": [
                "us-west-2",
                "us-east-1"
            ],
            "tf_process": "v2.1.0",
            "release_set": "edp"
        },
        {
            "account_name": "gilead-edp-bids-prd",
            "account_id": "407791646201",
            "parent_ou_id": "ou-lu8a-t9e87xgf",
            "active_regions": [
                "us-west-2",
                "us-east-1"
            ],
            "tf_process": "v2.1.0",
            "release_set": "edp"
        },
        {
            "account_name": "gilead-edp-rdqmgs-dev",
            "account_id": "494219987179",
            "parent_ou_id": "ou-lu8a-mcnz33oc",
            "active_regions": [
                "us-west-2",
                "us-east-1"
            ],
            "tf_process": "v2.1.0",
            "release_set": "edp"
        },
        {
            "account_name": "gilead-edp-rdqmgs-tst",
            "account_id": "674647718884",
            "parent_ou_id": "ou-lu8a-c5u7of8n",
            "active_regions": [
                "us-west-2",
                "us-east-1"
            ],
            "tf_process": "v2.1.0",
            "release_set": "edp"
        },
        {
            "account_name": "gilead-edp-rdqmgs-prd",
            "account_id": "173618221747",
            "parent_ou_id": "ou-lu8a-kcieu1vz",
            "active_regions": [
                "us-west-2",
                "us-east-1"
            ],
            "tf_process": "v2.1.0",
            "release_set": "edp"
        },
        {
            "account_name": "gilead-edp-pdm-ds-dev",
            "account_id": "351072145252",
            "parent_ou_id": "ou-lu8a-aam6s9ku",
            "active_regions": [
                "us-west-2",
                "us-east-1"
            ],
            "tf_process": "v2.1.0",
            "release_set": "edp"
        },
        {
            "account_name": "gilead-edp-pdm-ds-tst",
            "account_id": "302806466093",
            "parent_ou_id": "ou-lu8a-b76ofhis",
            "active_regions": [
                "us-west-2",
                "us-east-1"
            ],
            "tf_process": "v2.1.0",
            "release_set": "edp"
        },
        {
            "account_name": "gilead-edp-pdm-ds-prd",
            "account_id": "780038212874",
            "parent_ou_id": "ou-lu8a-j8j7sxv4",
            "active_regions": [
                "us-west-2",
                "us-east-1"
            ],
            "tf_process": "v2.1.0",
            "release_set": "edp"
        },
        {
            "account_name": "gilead-edp-pdm-qa-dev",
            "account_id": "401481642343",
            "parent_ou_id": "ou-lu8a-c0wqk5z0",
            "active_regions": [
                "us-west-2",
                "us-east-1"
            ],
            "tf_process": "v2.1.0",
            "release_set": "edp"
        },
        {
            "account_name": "gilead-edp-pdm-qa-tst",
            "account_id": "202963890974",
            "parent_ou_id": "ou-lu8a-3fer7ojg",
            "active_regions": [
                "us-west-2",
                "us-east-1"
            ],
            "tf_process": "v2.1.0",
            "release_set": "edp"
        },
        {
            "account_name": "gilead-edp-pdm-qa-val",
            "account_id": "432322761904",
            "parent_ou_id": "ou-lu8a-23bif32h",
            "active_regions": [
                "us-west-2",
                "us-east-1"
            ],
            "tf_process": "v2.1.0",
            "release_set": "edp"
        },
        {
            "account_name": "gilead-edp-pdm-qa-prd",
            "account_id": "413038278179",
            "parent_ou_id": "ou-lu8a-ec2me0e4",
            "active_regions": [
                "us-west-2",
                "us-east-1"
            ],
            "tf_process": "v2.1.0",
            "release_set": "edp"
        },
        {
            "account_name": "gilead-savings-plan-01-dev",
            "account_id": "647832697512",
            "parent_ou_id": "ou-lu8a-aeg9ecoj",
            "active_regions": [
                "us-west-2",
                "us-east-1"
            ],
            "tf_process": "v2.1.0"
        },
        {
            "account_name": "gilead-savings-plan-02-dev",
            "account_id": "682824631174",
            "parent_ou_id": "ou-lu8a-atf0xh7q",
            "active_regions": [
                "us-west-2",
                "us-east-1"
            ],
            "tf_process": "v2.1.0"
        },
        {
            "account_name": "gilead-savings-plan-03-dev",
            "account_id": "712559299842",
            "parent_ou_id": "ou-lu8a-d8noi6fz",
            "active_regions": [
                "us-west-2",
                "us-east-1"
            ],
            "tf_process": "v2.1.0"
        },
        {
            "account_name": "gilead-savings-plan-04-dev",
            "account_id": "197768963360",
            "parent_ou_id": "ou-lu8a-bugq9y8i",
            "active_regions": [
                "us-west-2",
                "us-east-1"
            ],
            "tf_process": "v2.1.0"
        },
        {
            "account_name": "gilead-savings-plan-05-dev",
            "account_id": "857678382584",
            "parent_ou_id": "ou-lu8a-gs3fo68v",
            "active_regions": [
                "us-west-2",
                "us-east-1"
            ],
            "tf_process": "v2.1.0"
        },
        {
            "account_name": "gilead-savings-plan-06-dev",
            "account_id": "547517854517",
            "parent_ou_id": "ou-lu8a-l8eyzx6a",
            "active_regions": [
                "us-west-2",
                "us-east-1"
            ],
            "tf_process": "v2.1.0"
        },
        {
            "account_name": "gilead-savings-plan-07-dev",
            "account_id": "168817635234",
            "parent_ou_id": "ou-lu8a-rprwjdru",
            "active_regions": [
                "us-west-2",
                "us-east-1"
            ],
            "tf_process": "v2.1.0"
        },
        {
            "account_name": "gilead-savings-plan-08-dev",
            "account_id": "633378193605",
            "parent_ou_id": "ou-lu8a-mswx0pae",
            "active_regions": [
                "us-west-2",
                "us-east-1"
            ],
            "tf_process": "v2.1.0"
        },
        {
            "account_name": "gilead-savings-plan-09-dev",
            "account_id": "464891035411",
            "parent_ou_id": "ou-lu8a-19snsw7c",
            "active_regions": [
                "us-west-2",
                "us-east-1"
            ],
            "tf_process": "v2.1.0"
        },
        {
            "account_name": "gilead-savings-plan-10-dev",
            "account_id": "383530324276",
            "parent_ou_id": "ou-lu8a-vj9afbgw",
            "active_regions": [
                "us-west-2",
                "us-east-1"
            ],
            "tf_process": "v2.1.0"
        },
        {
            "account_name": "gilead-edp-emdm-dev",
            "account_id": "794357126316",
            "parent_ou_id": "ou-lu8a-tm2kvw0x",
            "active_regions": [
                "us-west-2",
                "us-east-1"
            ],
            "tf_process": "v2.1.0",
            "release_set": "edp"
        },
        {
            "account_name": "gilead-edp-emdm-tst",
            "account_id": "455907026892",
            "parent_ou_id": "ou-lu8a-x9nn1h8s",
            "active_regions": [
                "us-west-2",
                "us-east-1"
            ],
            "tf_process": "v2.1.0",
            "release_set": "edp"
        },
        {
            "account_name": "gilead-edp-emdm-val",
            "account_id": "708191383170",
            "parent_ou_id": "ou-lu8a-8xciskw2",
            "active_regions": [
                "us-west-2",
                "us-east-1"
            ],
            "tf_process": "v2.1.0",
            "release_set": "edp"
        },
        {
            "account_name": "gilead-edp-emdm-prd",
            "account_id": "359327779666",
            "parent_ou_id": "ou-lu8a-pjhv858s",
            "active_regions": [
                "us-west-2",
                "us-east-1"
            ],
            "tf_process": "v2.1.0",
            "release_set": "edp"
        },
        {
            "account_name": "gilead-edp-life-sciences-compliance-producer-val",
            "account_id": "016786221473",
            "parent_ou_id": "ou-lu8a-v4t1mcqy",
            "active_regions": [
                "us-west-2",
                "us-east-1",
                "eu-central-1"
            ],
            "tf_process": "v2.1.0",
            "release_set": "edp"
        },
        {
            "account_name": "gilead-edp-life-sciences-compliance-consumer-val",
            "account_id": "234148838422",
            "parent_ou_id": "ou-lu8a-ll3mc1ko",
            "active_regions": [
                "us-west-2",
                "us-east-1",
                "eu-central-1"
            ],
            "tf_process": "v2.1.0",
            "release_set": "edp"
        },
        {
            "account_name": "gilead-edp-medical-ds-dev",
            "account_id": "842421322345",
            "parent_ou_id": "ou-lu8a-bxj5ejyu",
            "active_regions": [
                "us-west-2",
                "us-east-1"
            ],
            "tf_process": "v2.1.0",
            "release_set": "edp"
        },
        {
            "account_name": "gilead-edp-medical-ds-tst",
            "account_id": "241569559393",
            "parent_ou_id": "ou-lu8a-hsjibff2",
            "active_regions": [
                "us-west-2",
                "us-east-1"
            ],
            "tf_process": "v2.1.0",
            "release_set": "edp"
        },
        {
            "account_name": "gilead-edp-medical-ds-prd",
            "account_id": "188194815426",
            "parent_ou_id": "ou-lu8a-ao0r0m04",
            "active_regions": [
                "us-west-2",
                "us-east-1"
            ],
            "tf_process": "v2.1.0",
            "release_set": "edp"
        },
        {
            "account_name": "gilead-edp-cloud-data-lake-dev",
            "account_id": "699617028764",
            "parent_ou_id": "ou-lu8a-irnjchsx",
            "active_regions": [
                "us-west-2",
                "us-east-1"
            ],
            "tf_process": "v2.1.0",
            "release_set": "edp"
        },
        {
            "account_name": "gilead-edp-cloud-data-lake-tst",
            "account_id": "173883812878",
            "parent_ou_id": "ou-lu8a-uzentg0f",
            "active_regions": [
                "us-west-2",
                "us-east-1"
            ],
            "tf_process": "v2.1.0",
            "release_set": "edp"
        },
        {
            "account_name": "gilead-edp-cloud-data-lake-prd",
            "account_id": "733230017748",
            "parent_ou_id": "ou-lu8a-1gvmr0rg",
            "active_regions": [
                "us-west-2",
                "us-east-1"
            ],
            "tf_process": "v2.1.0",
            "release_set": "edp"
        },
        {
            "account_name": "gilead-edp-gdash-ds-dev",
            "account_id": "136425735514",
            "parent_ou_id": "ou-lu8a-96a6hx23",
            "active_regions": [
                "us-west-2",
                "us-east-1"
            ],
            "tf_process": "v2.1.0",
            "release_set": "edp"
        },
        {
            "account_name": "gilead-edp-gdash-ds-tst",
            "account_id": "031279253312",
            "parent_ou_id": "ou-lu8a-ccnwp2ff",
            "active_regions": [
                "us-west-2",
                "us-east-1"
            ],
            "tf_process": "v2.1.0",
            "release_set": "edp"
        },
        {
            "account_name": "gilead-edp-gdash-ds-prd",
            "account_id": "036473972067",
            "parent_ou_id": "ou-lu8a-9d4tdv24",
            "active_regions": [
                "us-west-2",
                "us-east-1"
            ],
            "tf_process": "v2.1.0",
            "release_set": "edp"
        },
        {
            "account_name": "gilead-edp-commercial-ds-dev",
            "account_id": "444766436167",
            "parent_ou_id": "ou-lu8a-me25qtjs",
            "active_regions": [
                "us-west-2",
                "us-east-1"
            ],
            "tf_process": "v2.1.0",
            "release_set": "edp"
        },
        {
            "account_name": "gilead-edp-commercial-ds-tst",
            "account_id": "796364352866",
            "parent_ou_id": "ou-lu8a-q0wjv0ff",
            "active_regions": [
                "us-west-2",
                "us-east-1"
            ],
            "tf_process": "v2.1.0",
            "release_set": "edp"
        },
        {
            "account_name": "gilead-edp-commercial-ds-prd",
            "account_id": "949872632110",
            "parent_ou_id": "ou-lu8a-jgbm7iz8",
            "active_regions": [
                "us-west-2",
                "us-east-1"
            ],
            "tf_process": "v2.1.0",
            "release_set": "edp"
        },
        {
            "account_name": "gilead-edp-it-innovation-dev",
            "account_id": "891377325011",
            "parent_ou_id": "ou-lu8a-gp4831jb",
            "active_regions": [
                "us-west-2",
                "us-east-1"
            ],
            "tf_process": "v2.1.0",
            "release_set": "edp"
        },
        {
            "account_name": "gilead-edp-it-innovation-tst",
            "account_id": "471112516881",
            "parent_ou_id": "ou-lu8a-7pbhamo8",
            "active_regions": [
                "us-west-2",
                "us-east-1"
            ],
            "tf_process": "v2.1.0",
            "release_set": "edp"
        },
        {
            "account_name": "gilead-edp-it-innovation-prd",
            "account_id": "654654231895",
            "parent_ou_id": "ou-lu8a-2i2f8t75",
            "active_regions": [
                "us-west-2",
                "us-east-1"
            ],
            "tf_process": "v2.1.0",
            "release_set": "edp"
        },
        {
            "account_name": "gilead-edp-tech-ops-dev",
            "account_id": "637423193407",
            "parent_ou_id": "ou-lu8a-6ewohyyo",
            "active_regions": [
                "us-west-2",
                "us-east-1"
            ],
            "tf_process": "v2.1.0",
            "release_set": "edp"
        },
        {
            "account_name": "gilead-edp-tech-ops-tst",
            "account_id": "992382736622",
            "parent_ou_id": "ou-lu8a-qgw26w4l",
            "active_regions": [
                "us-west-2",
                "us-east-1"
            ],
            "tf_process": "v2.1.0",
            "release_set": "edp"
        },
        {
            "account_name": "gilead-edp-tech-ops-prd",
            "account_id": "471112576980",
            "parent_ou_id": "ou-lu8a-y1d9es9r",
            "active_regions": [
                "us-west-2",
                "us-east-1"
            ],
            "tf_process": "v2.1.0",
            "release_set": "edp"
        },
        {
            "account_name": "gilead-edp-kite-chp-dev",
            "account_id": "975050008165",
            "parent_ou_id": "ou-lu8a-panik8e0",
            "active_regions": [
                "us-west-2",
                "us-east-1"
            ],
            "tf_process": "v2.1.0",
            "release_set": "edp"
        },
        {
            "account_name": "gilead-edp-kite-chp-tst",
            "account_id": "339713093984",
            "parent_ou_id": "ou-lu8a-jh3y6t8j",
            "active_regions": [
                "us-west-2",
                "us-east-1"
            ],
            "tf_process": "v2.1.0",
            "release_set": "edp"
        },
        {
            "account_name": "gilead-edp-kite-chp-val",
            "account_id": "851725567858",
            "parent_ou_id": "ou-lu8a-vk0k6mzm",
            "active_regions": [
                "us-west-2",
                "us-east-1"
            ],
            "tf_process": "v2.1.0",
            "release_set": "edp"
        },
        {
            "account_name": "gilead-edp-kite-chp-prd",
            "account_id": "851725228993",
            "parent_ou_id": "ou-lu8a-92e17pnv",
            "active_regions": [
                "us-west-2",
                "us-east-1"
            ],
            "tf_process": "v2.1.0",
            "release_set": "edp"
        }
    ]
}